id	staffno	old_hodid	new_hodid
9	A0160	0	197
14	A0167	0	197
21	A0178	0	289
24	A0184	0	197
30	A0199	0	197
33	A0208	0	197
34	A0210	0	197
45	A0233	0	197
46	A0234	0	197
47	A0236	0	197
49	A0241	0	197
50	A0242	0	197
51	A0244	0	197
58	A0253	0	197
59	A0254	0	197
75	A0280	0	197
79	M0763	0	154
84	M0069	0	197
144	M0348	0	289
202	M0477	0	87
267	M0779	0	103
298	M0638	0	298
373	T0013	0	304
376	T0027	0	87
377	T0034	0	87
378	T0036	0	113
379	T0044	0	87
380	T0063	0	113
383	T0100	0	289
384	T0128	0	289
386	T0136	0	289
387	T0144	0	289
389	T0172	0	289
392	T0207	0	289
394	T0277	0	113
395	T0278	0	272
396	T0282	0	289
397	T0285	0	289
398	T0290	0	304
399	T0294	0	289
401	T0308	0	87
402	T0315	0	154
404	T0331	0	289
408	T0363	0	289
410	T0388	0	304
412	T0404	0	289
413	T0433	0	87
416	T0656	0	289
417	T0657	0	289
418	T0677	0	113
420	T0788	0	289
424	T0945	0	87
426	T0961	0	154
427	T0971	0	289
429	T0987	0	289
430	T1004	0	304
431	T1022	0	154
433	T1069	0	289
434	T1087	0	289
435	T1100	0	289
436	T1146	0	304
437	T1149	0	289
438	T1154	0	4447
443	T1260	0	289
444	T1283	0	100
445	T1330	0	289
446	T1337	0	289
448	T1503	0	4447
449	T1558	0	289
452	T1628	0	289
453	T1633	0	113
454	T1636	0	100
456	T1656	0	197
457	T1692	0	87
458	T1713	0	289
463	T1810	0	289
464	T1837	0	87
465	T1880	0	87
466	T1883	0	289
467	T1899	0	113
468	T1901	0	289
470	T1918	0	289
471	T1934	0	289
472	T1944	0	87
474	T1957	0	139
476	T1974	0	197
478	T2009	0	289
479	T2015	0	289
480	T2053	0	289
481	T2065	0	289
482	T2080	0	289
485	T2136	0	289
487	T2159	0	308
488	T2181	0	289
489	T2184	0	289
490	T2185	0	289
492	T2198	0	289
493	T2209	0	289
495	T2266	0	289
496	T2285	0	289
497	T2292	0	272
498	T2298	0	289
499	T2303	0	100
500	T2316	0	289
501	T2335	0	289
504	T2359	0	289
506	T2416	0	87
507	T2439	0	289
510	T2460	0	272
512	T2489	0	139
514	T2512	0	113
518	T2566	0	289
520	T2593	0	289
522	T2622	0	87
523	T2642	0	154
528	T2734	0	289
529	T2743	0	113
530	T2763	0	113
532	T2784	0	289
533	T2786	0	100
534	T2797	0	289
535	T2806	0	308
536	T2808	0	197
538	T2928	0	289
541	T2955	0	197
543	T2967	0	304
544	T2968	0	87
545	T2974	0	87
546	T2976	0	304
547	T2980	0	304
548	T2981	0	304
550	T2995	0	4447
551	T3011	0	289
554	T3016	0	289
555	T3029	0	197
556	T3042	0	308
557	T3050	0	87
558	T3059	0	289
560	T3072	0	289
561	T3075	0	4447
563	T3118	0	4447
564	T3139	0	304
567	T3158	0	304
570	T3171	0	289
572	T3176	0	304
573	T3187	0	289
576	T3193	0	289
577	T3196	0	304
580	T3208	0	289
581	T3217	0	113
582	T3219	0	308
584	T3227	0	289
585	T3230	0	113
586	T3231	0	308
587	T3233	0	113
590	T3246	0	289
591	T3248	0	87
592	T3253	0	304
595	T3258	0	87
596	T3261	0	304
597	T3263	0	293
598	T3268	0	289
599	T3275	0	113
602	T3292	0	272
603	T3298	0	289
604	T3304	0	289
605	T3306	0	4447
607	T3309	0	289
608	T3312	0	87
609	T3313	0	87
612	T3317	0	304
614	T3323	0	293
615	T3329	0	293
616	T3333	0	293
617	T3335	0	293
618	T3342	0	289
619	T3352	0	304
621	T3360	0	289
622	T3361	0	304
624	T3377	0	87
625	T3381	0	87
630	T3410	0	304
632	T3415	0	4447
633	T3421	0	113
634	T3423	0	4447
635	T3424	0	289
638	T3435	0	113
639	T3438	0	113
641	T3443	0	289
642	T3444	0	289
644	T3447	0	4447
645	T3463	0	289
646	T3465	0	4447
648	T3480	0	289
650	T3498	0	113
651	T3500	0	272
652	T3503	0	4447
653	T3506	0	289
654	T3507	0	4447
655	T3511	0	4447
656	T3513	0	304
657	T3516	0	4447
658	T3523	0	87
659	T3528	0	4447
660	M0801	0	154
661	T3536	0	304
665	T3558	0	113
667	T3573	0	87
670	T3578	0	4447
677	T3598	0	304
680	T3602	0	293
681	T3603	0	304
687	T3642	0	4447
688	T3643	0	4447
689	T3648	0	113
693	T3657	0	4447
694	T3658	0	4447
695	T3660	0	4447
696	T3662	0	4447
702	T3686	0	289
705	T3700	0	4447
711	T3729	0	304
715	T3735	0	4447
716	T3736	0	4447
721	T3762	0	304
722	T3767	0	4447
725	T3785	0	4447
727	T3792	0	113
729	T3801	0	4447
730	T3803	0	113
733	T3824	0	113
735	T3828	0	113
736	T3837	0	113
738	T3839	0	113
751	T3923	0	304
754	T3929	0	4447
755	T3940	0	304
765	T3964	0	272
767	T3975	0	4447
768	T3976	0	4447
769	T3977	0	304
772	T3986	0	4447
774	T3994	0	4447
778	T4012	0	4447
780	T4031	0	4447
782	T4040	0	4447
783	T4047	0	4447
786	T4059	0	113
787	T4060	0	113
789	T4065	0	304
794	T4127	0	4447
795	T4129	0	4447
799	T4149	0	308
801	T4160	0	308
806	T4170	0	4447
810	T4175	0	4447
811	T4176	0	4447
817	T4187	0	113
818	T4188	0	113
819	T4189	0	113
820	T4193	0	113
825	T4200	0	4447
826	T4202	0	4447
832	T4214	0	4447
835	T4220	0	4447
839	T4229	0	4447
840	T4230	0	4447
844	T4243	0	113
845	T4245	0	113
846	T4248	0	113
852	T4267	0	289
853	T4269	0	4447
854	T4275	0	113
857	T4302	0	113
862	T4313	0	289
863	T4314	0	289
864	T4320	0	113
865	T4321	0	113
868	T4325	0	113
869	T4326	0	113
873	T4330	0	87
875	T4336	0	4447
877	T4342	0	272
882	T4351	0	87
884	T4356	0	87
890	T4372	0	272
894	T4382	0	113
895	T4383	0	308
896	T4384	0	308
897	T4386	0	113
901	T4391	0	304
902	T4393	0	197
905	T4396	0	113
906	T4397	0	113
908	T4402	0	304
910	T4407	0	113
911	T4408	0	113
913	T4411	0	272
917	T4420	0	214
918	T4422	0	4447
919	T4423	0	4447
921	T4425	0	293
922	T4428	0	293
923	T4429	0	293
924	T4439	0	113
925	T4440	0	113
926	T4443	0	113
929	T4450	0	272
930	T4453	0	272
931	T4454	0	272
932	T4455	0	272
933	T4462	0	113
935	T4464	0	113
936	T4465	0	113
937	T4468	0	113
940	T4472	0	113
941	T4474	0	113
948	T4493	0	272
949	T4494	0	272
950	T4495	0	272
951	T4507	0	289
953	T4520	0	293
955	T4528	0	272
957	T4532	0	289
958	T4540	0	272
959	T4546	0	272
960	T4548	0	293
961	T4549	0	4447
962	T4550	0	4447
963	T4551	0	293
964	T4552	0	293
965	T4557	0	272
967	T4559	0	272
969	T4566	0	293
971	T4568	0	4447
972	T4570	0	293
973	T4571	0	293
974	T4573	0	293
975	T4574	0	293
976	T4575	0	293
977	T4576	0	293
978	T4577	0	293
979	T4578	0	293
980	T4579	0	293
981	T4580	0	4447
982	T4581	0	293
983	T4582	0	293
984	T4583	0	293
986	T4589	0	289
987	T4591	0	289
988	T4593	0	289
992	T4605	0	289
994	T4608	0	289
995	T4614	0	272
996	T4619	0	272
998	T4623	0	272
999	T4624	0	272
1003	T4632	0	289
1004	T4640	0	272
1006	T4644	0	272
1007	T4654	0	272
1011	T4668	0	289
1013	T4670	0	4447
1015	T4677	0	289
1016	T4678	0	289
1017	T4679	0	289
1018	T4686	0	87
1019	T4688	0	289
1022	T4699	0	289
1024	T4701	0	289
1026	T4711	0	304
1028	T4716	0	293
1029	T4718	0	113
1030	T4724	0	100
1031	T4725	0	113
1032	T4726	0	308
1033	T4727	0	113
1034	T4729	0	214
1035	T4732	0	272
1038	T4749	0	272
1039	T4750	0	214
1042	T4764	0	308
1046	T4772	0	4447
1047	T4773	0	272
1052	T4781	0	113
1053	T4783	0	113
1054	T4787	0	272
1056	T4792	0	197
1058	T4798	0	289
1060	T4808	0	289
1061	T4809	0	113
1062	T4814	0	272
1064	T4820	0	214
1065	T4821	0	272
1066	T4824	0	308
1071	T4832	0	289
1072	T4835	0	289
1073	T4836	0	100
1074	T4837	0	308
1076	T4841	0	293
1077	T4842	0	293
1079	T4846	0	100
1083	T4859	0	4447
1086	T4862	0	289
1089	T4869	0	197
1090	T4873	0	289
1091	T4874	0	289
1093	T4893	0	289
1097	T4897	0	214
1099	T4901	0	154
1102	T4908	0	100
1106	T4915	0	100
1108	T4917	0	289
1110	T4922	0	197
1111	T4924	0	272
1112	T4925	0	272
1113	T4926	0	272
1115	T4928	0	272
1117	T4933	0	272
1119	T4939	0	308
1121	T4949	0	289
1122	T4951	0	289
1123	T4952	0	289
1124	T4956	0	289
1125	T4961	0	289
1126	T4962	0	289
1130	T4971	0	289
1131	T4985	0	100
1132	T4990	0	154
1133	T4991	0	154
1134	T4996	0	289
1135	T4999	0	289
1136	T5001	0	289
1137	T5003	0	100
1138	T5004	0	100
1139	T5007	0	4447
1142	T5027	0	272
1143	T5031	0	4447
1145	T5037	0	100
1147	T5042	0	289
1148	T5046	0	154
1149	T5057	0	289
1150	T5058	0	272
1151	T5068	0	100
1155	T5083	0	113
1156	T5084	0	113
1161	T5094	0	214
1162	T5095	0	272
1165	T5104	0	100
1166	T5114	0	100
1168	T5132	0	100
1169	T5133	0	289
1172	T5138	0	272
1174	T5141	0	272
1176	T5144	0	272
1177	T5147	0	87
1181	T5165	0	289
1182	T5172	0	289
1183	T5177	0	289
1184	T5178	0	289
1185	T5179	0	100
1186	T5183	0	113
1188	T5186	0	214
1190	T5191	0	87
1191	T5195	0	272
1192	T5199	0	272
1194	T5201	0	308
1195	T5202	0	113
1201	T5218	0	154
1202	T5219	0	154
1204	T5222	0	100
1206	T5227	0	113
1207	T5229	0	308
1209	T5231	0	113
1210	T5233	0	113
1211	T5234	0	308
1213	T5238	0	113
1218	T5244	0	272
1220	T5248	0	272
1226	T5263	0	289
1229	T5271	0	289
1232	T5282	0	289
1233	T5284	0	272
1234	T5288	0	100
1235	T5296	0	289
1237	T5301	0	113
1238	T5302	0	308
1239	T5303	0	214
1243	T5315	0	113
1244	T5320	0	4447
1245	T5322	0	272
1246	T5325	0	272
1247	T5331	0	272
1250	T5338	0	289
1252	T5341	0	272
1253	T5342	0	272
1254	T5345	0	272
1257	T5353	0	272
1258	T5360	0	272
1259	T5365	0	289
1261	T5371	0	87
1267	T5382	0	272
1268	T5383	0	272
1272	T5391	0	272
1273	T5392	0	272
1274	T5394	0	272
1275	T5395	0	272
1276	T5396	0	272
1277	T5397	0	272
1278	T5398	0	272
1279	T5399	0	272
1280	T5400	0	272
1281	T5401	0	272
1282	T5403	0	272
1284	T5405	0	272
1285	T5406	0	272
1288	T5410	0	272
1289	T5411	0	289
1292	T5420	0	154
1293	T5421	0	154
1297	T5425	0	272
1298	T5428	0	272
1300	T5445	0	289
1302	T5450	0	272
1303	T5454	0	272
1304	T5455	0	214
1305	T5456	0	272
1308	T5461	0	272
1312	T5466	0	272
1313	T5467	0	272
1315	T5469	0	308
1316	T5470	0	272
1318	T5477	0	100
1320	T5482	0	113
1323	T5488	0	289
1324	T5490	0	100
1325	T5493	0	289
1329	T5497	0	100
1332	T5501	0	100
1337	T5520	0	289
1338	T5522	0	289
1339	T5525	0	113
1341	T5528	0	87
1342	T5529	0	289
1345	T5533	0	272
1346	T5534	0	272
1348	T5538	0	4447
1349	T5542	0	272
1350	T5543	0	272
1351	T5545	0	272
1352	T5549	0	272
1353	T5562	0	113
1354	T5563	0	113
1355	T5565	0	272
1357	T5569	0	272
1358	T5570	0	272
1362	T5587	0	289
1365	T5596	0	154
1368	T5609	0	100
1369	T5610	0	113
1370	T5611	0	113
1371	T5612	0	113
1373	T5620	0	100
1375	T5624	0	214
1377	T5633	0	100
1381	T5652	0	289
1382	T5654	0	100
1383	T5656	0	4447
1385	T5660	0	113
1386	T5661	0	113
1388	T5666	0	4447
1391	T5669	0	4447
1392	T5670	0	4447
1398	T5678	0	4447
1399	T5679	0	4447
1400	T5680	0	4447
1406	T5692	0	214
1411	T5699	0	4447
1415	T5710	0	4447
1416	T5711	0	289
1417	T5712	0	289
1418	T5717	0	289
1419	T5718	0	4447
1421	T5720	0	100
1422	T5722	0	197
1423	T5724	0	154
1427	T5734	0	272
1429	T5737	0	272
1431	T5739	0	308
1432	T5741	0	272
1435	T5745	0	100
1437	T5747	0	100
1447	T5773	0	154
1451	T5781	0	289
1453	T5784	0	289
1455	T5792	0	293
1456	T5793	0	293
1457	T5794	0	293
1459	T5796	0	293
1460	T5797	0	4447
1461	T5798	0	4447
1462	T5799	0	4447
1463	T5801	0	113
1464	T5802	0	113
1465	T5807	0	100
1467	T5812	0	289
1471	T5826	0	289
1477	T5845	0	214
1478	T5846	0	272
1486	T5857	0	100
1496	T5872	0	272
1497	T5874	0	272
1500	T5878	0	308
1504	T5890	0	87
1505	T5894	0	289
1509	T5903	0	289
1512	T5908	0	113
1513	T5909	0	113
1515	T5911	0	113
1518	T5917	0	289
1525	T5928	0	289
1526	T5929	0	113
1528	T5935	0	308
1530	T5939	0	289
1532	T5944	0	289
1533	T5947	0	289
1536	T5958	0	100
1538	T5973	0	113
1539	T5976	0	4447
1541	T5980	0	214
1543	T5985	0	293
1544	T5986	0	293
1545	T5988	0	4447
1546	T5989	0	4447
1547	T5990	0	293
1548	T5991	0	293
1549	T5992	0	4447
1551	T5994	0	293
1553	T5996	0	4447
1554	T5997	0	4447
1555	T5998	0	293
1556	T5999	0	293
1558	T6005	0	197
1560	T6013	0	289
1561	T6015	0	289
1565	T6029	0	100
1567	T6032	0	304
1568	T6033	0	289
1571	T6036	0	272
1573	T6047	0	272
1574	T6048	0	272
1575	T6049	0	272
1578	T6053	0	214
1583	T6059	0	100
1584	T6060	0	289
1585	T6062	0	289
1593	T6073	0	289
1594	T6074	0	289
1595	T6076	0	308
1596	T6077	0	289
1598	T6080	0	304
1599	T6084	0	289
1600	T6085	0	289
1603	T6095	0	100
1604	T6107	0	289
1606	T6110	0	272
1608	T6114	0	272
1611	T6117	0	272
1613	T6121	0	289
1614	T6122	0	289
1616	T6124	0	304
1617	T6125	0	289
1618	T6126	0	289
1619	T6127	0	289
1620	T6128	0	289
1621	T6129	0	4447
1622	T6130	0	4447
1623	T6131	0	4447
1629	T6137	0	289
1637	T6150	0	197
1638	T6151	0	289
1640	T6154	0	289
1642	T6157	0	289
1643	T6158	0	289
1644	T6159	0	289
1645	T6160	0	289
1646	T6164	0	100
1648	T6166	0	272
1649	T6167	0	272
1650	T6168	0	308
1651	T6171	0	289
1652	T6172	0	289
1653	T6174	0	289
1654	T6175	0	214
1655	T6177	0	272
1656	T6178	0	272
1658	T6182	0	272
1659	T6185	0	272
1661	T6190	0	289
1662	T6192	0	289
1663	T6193	0	289
1667	T6201	0	289
1669	T6206	0	289
1673	T6215	0	289
1677	T6223	0	308
1678	T6224	0	308
1683	T6233	0	197
1684	T6234	0	4447
1691	T6242	0	289
1692	T6245	0	100
1697	T6250	0	100
1699	T6253	0	293
1700	T6254	0	308
1705	T6265	0	100
1712	T6273	0	304
1714	T6280	0	308
1715	T6281	0	308
1718	T6285	0	293
1719	T6286	0	100
1720	T6293	0	100
1721	T6299	0	113
1724	T6304	0	272
1725	T6306	0	197
1733	T6317	0	289
1735	T6320	0	289
1739	T6328	0	289
1744	T6336	0	304
1747	T6342	0	308
1748	T6343	0	272
1751	T6347	0	272
1752	T6348	0	289
1753	T6350	0	289
1757	T6354	0	289
1759	T6358	0	100
1760	T6359	0	100
1761	T6360	0	100
1763	T6362	0	100
1765	T6364	0	272
1766	T6365	0	272
1767	T6366	0	308
1769	T6368	0	272
1770	T6369	0	272
1773	T6372	0	100
1774	T6373	0	272
1775	T6374	0	272
1776	T6375	0	214
1778	T6377	0	289
1782	T6381	0	272
1790	T6390	0	272
1791	T6392	0	197
1792	T6393	0	87
1796	T6397	0	100
1798	T6399	0	4447
1801	T6402	0	293
1805	T6406	0	272
1807	T6408	0	272
1811	T6413	0	308
1815	T6418	0	154
1817	T6421	0	272
1820	T6424	0	272
1824	T6428	0	214
1827	T6431	0	272
1831	T6436	0	154
1833	T6438	0	4447
1834	T6439	0	4447
1835	T6440	0	293
1871	APZH004	0	214
1872	APZH005	0	214
1873	APZH003	0	214
1874	APZH017	0	214
1875	APZH023	0	214
1876	APZH016	0	214
1877	APZH022	0	214
1878	APZH001	0	214
1879	APZH008	0	214
1881	APZH018	0	214
1882	APZH015	0	214
1883	APZH020	0	214
1887	T6493	0	308
1888	APZN004	0	272
1889	APZN005	0	272
1890	APZN009	0	272
1892	APZN018	0	272
1893	APZN025	0	272
1901	AQ0188	0	272
1914	AQ0356	0	272
1918	AQ0397	0	272
1926	AQ0456	0	272
1928	AQ0464	0	272
1929	AQ0467	0	272
1945	ZG0276	0	272
1947	T6503	0	272
1950	ZG0278	0	272
1951	AQ0672	0	272
1958	T6507	0	159
1968	ZG0009	0	272
1970	T6498	0	272
1971	T6501	0	272
1976	ZG0060	0	272
1977	T6500	0	272
1992	ZG0093	0	100
1993	ZGN001	0	272
1994	ZGN002	0	272
1995	ZGN003	0	272
1996	ZGN004	0	272
1998	ZGN007	0	272
1999	ZGN008	0	272
2000	ZGN009	0	272
2001	ZGN010	0	272
2002	ZGN011	0	272
2003	ZGN012	0	272
2004	ZGN013	0	272
2005	ZGN014	0	272
2006	ZGN015	0	272
2007	ZGN016	0	272
2008	ZGN017	0	272
2009	ZGN018	0	272
2010	ZGN019	0	272
2011	ZGN020	0	272
2012	ZGN022	0	272
2013	ZGN023	0	272
2014	ZGN024	0	272
2015	ZGN026	0	272
2016	ZGN027	0	272
2017	ZGN028	0	272
2018	ZGN029	0	272
2019	ZGN030	0	272
2020	ZGN031	0	272
2021	ZGN033	0	272
2022	ZGN036	0	272
2023	ZGN038	0	272
2024	ZGN040	0	272
2025	ZGN041	0	272
2026	ZGN042	0	272
2027	ZGN046	0	272
2030	AQ0234	0	272
2031	AQ0459	0	272
2033	T6497	0	272
2037	APZA087	0	100
2038	APZA151	0	100
2039	APZA091	0	100
2040	APZA085	0	100
2041	APZA073	0	100
2042	APZA147	0	100
2043	APZA047 	0	100
2044	APZA048	0	100
2045	APZA080	0	100
2046	T6587	0	100
2047	T6520	0	100
2048	APZA224	0	100
2049	APZA226	0	272
2050	APZA217	0	272
2051	APZA112	0	100
2052	APZA093	0	100
2053	APZA069	0	100
2054	APZA042	0	100
2055	APZA090	0	100
2056	ZGNS150	0	100
2057	APZH030	0	100
2058	T6589	0	100
2059	APZS049	0	100
2060	APZA133	0	100
2061	ZGNS160	0	100
2062	APZA219	0	100
2063	APZA229	0	100
2064	APZA088	0	100
2065	APZA222	0	100
2066	APZA135	0	100
2068	ZGNS156	0	100
2069	APZA108	0	100
2070	APZA072	0	100
2071	APZA096	0	100
2072	APZA218	0	100
2073	APZA089	0	100
2074	APZA070	0	100
2075	APZA220	0	100
2076	APZA149	0	100
2078	ZGNS148	0	100
2079	ZGNS153	0	272
2080	APZH012	0	100
2081	APZA115	0	100
2082	ZGNS167	0	100
2083	APZA071	0	100
2084	APZA066	0	100
2085	APZA098	0	100
2086	APZA043	0	100
2087	APZA049	0	100
2088	APZA074	0	100
2089	APZA116	0	100
2090	ZGNS169	0	100
2091	APZA130	0	100
2092	APZA109	0	100
2093	APZA150	0	100
2094	APZA082	0	100
2095	KM00067	0	100
2096	APZA086	0	100
2097	APZA106	0	100
2098	APZA123	0	100
2099	APZA059	0	272
2100	APZA107	0	100
2101	APZA131	0	100
2102	APZA145	0	100
2103	APZA152	0	272
2104	APZA210	0	100
2105	APZA212	0	100
2106	APZA214	0	100
2107	ZGNS147	0	100
2108	ZGNS154	0	100
2109	ZGNS151	0	100
2110	APZA138	0	100
2111	ZGNS155	0	100
2112	ZGNS152	0	100
2114	APZA153	0	100
2115	ZGNS162	0	100
2116	APZA211	0	100
2117	APZA166	0	100
2118	APZA165	0	100
2119	APZA215	0	100
2120	ZGNS164	0	100
2121	APZA053	0	100
2122	APZA083	0	272
2123	APZA099	0	100
2124	APZA160	0	100
2125	APZA163	0	100
2126	APZA159	0	272
2127	APZA101	0	100
2128	APZA060	0	100
2129	APZA104	0	100
2130	APZA052	0	100
2131	APZA081	0	100
2132	APZA120	0	100
2133	APZH029	0	100
2134	APZA041	0	100
2135	APZA125	0	100
2136	AZM062	0	100
2137	APZA148	0	100
2138	APZA221	0	100
2139	APZA061	0	100
2140	APZA216	0	100
2141	ZGNS092	0	272
2142	AF183	0	100
2143	KM00059	0	100
2144	APZH032	0	100
2145	ZGNS091	0	100
2146	APZA114	0	100
2147	ZGNS094	0	100
2149	ZGNS093	0	100
2150	ZGNS166	0	100
2151	ZGNS089	0	100
2152	ZGNS024	0	100
2153	ZGNS149	0	100
2154	APZA062	0	100
2155	ZGNS090	0	100
2156	ZGNS081	0	100
2157	APZA154	0	100
2158	APZA054	0	100
2159	T6522	0	100
2160	ZGNS082	0	100
2161	APZA105	0	100
2162	APZA110	0	100
2163	ZGNS083	0	100
2164	APZA063	0	100
2165	APZA051	0	100
2166	APZA117	0	100
2167	APZA136	0	100
2168	APZA124	0	100
2169	APZA057	0	100
2170	ZGNS085	0	100
2171	ZGNS086	0	100
2172	ZGNS088	0	100
2173	ZGNS158	0	100
2174	APZA050	0	100
2175	APZA097	0	100
2176	APZA056	0	100
2177	APZA064	0	100
2178	ZGNS087	0	100
2179	APZA225	0	100
2180	APZA223	0	100
2181	APZA228	0	100
2182	APZA227	0	100
2212	T6492	0	308
2213	T6494	0	308
2222	APZN023	0	113
2225	APZN007	0	308
2226	APZA003	0	289
2229	APZN026	0	308
2232	ZGNS161	0	289
2246	T6496	0	308
2247	APZT033	0	308
2248	ZGNS072	0	308
2253	SON026	0	289
2256	APZG019	0	289
2259	APZA185	0	289
2264	AF071	0	289
2265	WA030	0	289
2266	ZGNS110	0	289
2267	ZGNS111	0	308
2268	ZGNS113	0	308
2270	SPM328	0	289
2271	ZGNS171	0	308
2273	KM00111	0	289
2284	ZGNS114	0	289
2286	WA061	0	289
2288	APZA184	0	308
2290	LED1005	0	113
2291	APZB73	0	113
2298	APZA183	0	113
2300	APZA175	0	113
2305	APZA182	0	308
2306	APZB033	0	113
2308	APZB126	0	113
2313	WB061	0	113
2314	WB0068	0	113
2318	LED813	0	113
2319	LED957	0	113
2322	WC009	0	113
2323	WB093	0	113
2326	APZB061	0	113
2327	APZB114	0	113
2330	APZB158	0	113
2334	APZA176	0	308
2335	APZA181	0	113
2336	M0734	0	358
2349	CES053	0	154
2353	APZS091	0	154
2356	KM00104	0	100
2357	APZG0054	0	293
2358	APZG0065	0	293
2361	APZG0088	0	293
2362	APZG0126	0	293
2363	APZG0131	0	293
2364	APZG0135	0	293
2368	APZG0211	0	293
2370	APZG0232	0	293
2374	APZG0243	0	293
2375	APZG0247	0	293
2377	APZG0251	0	293
2381	APZG0265	0	293
2382	APZG0266	0	293
2384	APZG0269	0	293
2385	APZG0276	0	293
2386	APZG0277	0	293
2387	APZG0285	0	293
2388	APZG0293	0	293
2389	APZG0298	0	293
2391	APZG0301	0	293
2392	APZG0304	0	293
2394	APZG0306	0	293
2397	APZG0320	0	293
2398	APZG0322	0	293
2400	APZG0324	0	293
2401	APZG0328	0	293
2402	APZG0330	0	293
2403	APZG0331	0	293
2404	APZG0336	0	293
2408	APZG0353	0	293
2409	APZG0355	0	293
2410	APZG0356	0	293
2412	APZG0358	0	293
2414	APZG0360	0	293
2415	APZG0361	0	293
2418	APZG0367	0	293
2421	APZG0373	0	293
2435	APZA132	0	100
2442	APZH019	0	100
2443	APZH021	0	100
2445	APZH035	0	100
2448	APZA142	0	100
2450	APZA157	0	100
2451	KM000014	0	100
2458	YS027	0	4447
2459	YS042	0	4447
2460	CEP081	0	4447
2461	SL053	0	4447
2462	KS139	0	4447
2463	SL0069	0	4447
2464	KA010	0	4447
2465	YS018	0	4447
2466	APZG0001	0	4447
2467	WB013	0	113
2468	LED974	0	113
2469	APZA103	0	113
2470	APZA164	0	113
2471	APZA155	0	113
2472	WB052	0	113
2473	WB053	0	113
2474	APZB54	0	113
2476	APZB088	0	113
2478	APZB144	0	113
2479	APZB173	0	113
2480	APZN021	0	113
2481	APZN013	0	113
2483	APZN011	0	113
2485	APZN016	0	113
2486	APZN017	0	113
2489	APZN020	0	113
2490	T6491	0	159
2492	T6495	0	308
2501	APZA172	0	113
2502	APZA171	0	113
2503	APZA179	0	113
2504	APZB032	0	113
2505	APZB112	0	113
2507	APZB084	0	113
2508	APZB096	0	113
2511	WB010	0	113
2512	APZN001	0	113
2513	APZA207	0	113
2516	WB0112	0	113
2517	APZB168	0	113
2519	APZG0006	0	293
2520	APZG0008	0	4447
2521	APZG0024	0	293
2523	APZG0033	0	293
2526	APZG0042	0	4447
2527	APZG0048	0	4447
2531	APZG0075	0	293
2533	APZG0098	0	4447
2536	APZG0201	0	293
2537	APZG0245	0	4447
2539	APZG0325	0	4447
2542	APZG0338	0	4447
2545	APZG0368	0	4447
2546	APZG0369	0	4447
2550	APZG0376	0	293
2572	APZA173	0	113
2607	APZB123	0	113
2608	KS150	0	4447
2609	KA147	0	4447
2611	KA152	0	4447
2613	CEP098	0	4447
2614	APZG0041	0	293
2658	APZA188	0	289
2659	APZA144	0	308
2660	APZA055	0	289
2661	APZA161	0	289
2662	ZGNS011	0	289
2663	ZGNS014	0	289
2664	ZGNS126	0	289
2665	ZGNS144	0	289
2666	APZA203	0	289
2667	APZA208	0	100
2668	CEA132	0	289
2669	SON040	0	289
2670	SON039	0	289
2671	AF068	0	289
2672	AF204	0	289
2673	CEA138	0	289
2675	ZGNS132	0	289
2676	ZGNS134	0	289
2677	APZA065	0	100
2678	APZA039	0	289
2679	APZA017	0	289
2680	ZGNS030	0	289
2681	ZGNS005	0	289
2682	ZGNS067	0	289
2695	APZA012	0	289
2696	APZA004	0	289
2697	ZGNS059	0	289
2698	ZGNS065	0	289
2699	APZA196	0	289
2701	APZA014	0	289
2702	APZA015	0	289
2703	SPM260	0	289
2704	SON140	0	289
2705	APZA193	0	289
2706	APZA202	0	289
2707	APZA011	0	289
2708	APZA067	0	289
2709	APZA113	0	289
2710	ZGNS080	0	289
2711	ZGNS070	0	289
2712	SPM388	0	289
2713	WA048	0	289
2714	SON142	0	289
2715	SON143	0	289
2716	SON144	0	289
2717	SON141	0	289
2718	APZA199	0	289
2719	APZA010	0	289
2720	ZGN09	0	289
2723	KM00124	0	289
2724	APZA095	0	289
2725	APZA094	0	289
2727	ZGNS117	0	289
2728	ZGNS119	0	289
2729	ZGNS146	0	289
2732	ZGNS023	0	289
2733	APZA205	0	289
2734	SON022	0	289
2736	APZS104	0	100
2737	ZGNS136	0	289
2742	ZGN045	0	289
2751	ZGNS174	0	289
2752	CEA139	0	289
2753	AF075	0	289
2754	AZML34	0	289
2755	ZGNS039	0	289
2756	APZA198	0	289
2757	CEA140	0	289
2758	CEA141	0	289
2759	ZGNS051	0	289
2760	ZGNS054	0	289
2761	ZGNS130	0	289
2762	ZGNS133	0	289
2763	APZA111	0	289
2764	ZGNS103	0	289
2765	SON036	0	289
2766	ZGNS033	0	272
2767	ZGNS052	0	272
2768	APZA035	0	289
2770	SON004	0	289
2771	SON005	0	289
2774	APZS103	0	100
2775	APZS102	0	100
2776	APZS109	0	100
2777	SON138	0	289
2778	CEA142	0	289
2779	APZA007	0	289
2783	ZGNS116	0	289
2784	ZGNS118	0	289
2785	ZGNS121	0	289
2786	ZGNS125	0	289
2787	KM0128	0	289
2790	APZA036	0	289
2791	ZGNS017	0	289
2792	ZGNS018	0	289
2793	ZGNS104	0	289
2794	ZGNS120	0	289
2795	CEA136	0	289
2796	AF081	0	289
2797	APZA005	0	289
2798	APZA013	0	289
2799	APZA023	0	100
2800	APZA009	0	289
2801	SPM395	0	289
2802	ZGNS003	0	289
2803	ZGNS004	0	289
2804	SPM359	0	289
2805	APZA033	0	289
2806	AF193	0	289
2807	SON043	0	289
2808	SON044	0	289
2809	SON045	0	289
2810	SON046	0	289
2811	SPM401	0	289
2812	APZA029	0	289
2816	APZA034	0	289
2817	APZA038	0	289
2818	APZA018	0	289
2819	APZA002	0	289
2820	ZGNS008	0	289
2821	ZGNS006	0	289
2822	ZGNS007	0	289
2823	ZGNS027	0	289
2824	ZGNS050	0	289
2825	ZGNS056	0	289
2827	ZGNS068	0	289
2828	ZGNS076	0	289
2829	ZGNS102	0	272
2830	ZGNS108	0	289
2831	SPM202	0	289
2832	KM0063	0	289
2833	CEA120	0	289
2834	ZGNS058	0	289
2835	SON034	0	289
2836	ZGNS036	0	289
2837	ZGNS107	0	289
2838	ZGNS046	0	289
2839	ZGNS041	0	289
2840	ZGNS042	0	289
2841	WAS016	0	289
2842	SON035	0	289
2843	APZA026	0	289
2845	APZA186	0	289
2846	SPM247	0	289
2847	ZGNS029	0	272
2848	ZGNS028	0	272
2849	SON008	0	289
2850	SON009	0	289
2851	WA063	0	289
2852	WA062	0	289
2853	ZGNS123	0	289
2854	ZGNS106	0	289
2855	ZGNS100	0	289
2856	SPM380	0	289
2857	SON013	0	289
2858	ZGNS034	0	289
2859	ZGNS035	0	272
2860	ZGNS040	0	289
2861	ZGNS127	0	289
2862	AF176	0	289
2863	SON010	0	289
2864	SON011	0	289
2865	APZA025	0	289
2866	SPM155	0	289
2867	SPM409	0	289
2868	WA066	0	289
2869	ZGNS025	0	272
2870	ZGNS044	0	289
2871	ZGNS075	0	289
2872	ZGNS173	0	289
2873	SON015	0	289
2874	SON016	0	289
2875	SON041	0	289
2876	SON042	0	289
2877	KM00128	0	289
2878	WA064	0	289
2879	WA065	0	289
2880	SON020	0	289
2881	SON018	0	289
2882	SON021	0	289
2884	SON023	0	289
2885	SON024	0	289
2886	T6511	0	289
2887	AF088	0	289
2888	AF196	0	289
2889	APZA040	0	289
2890	ZGNS145	0	289
2891	ZGNS096	0	289
2892	SON006	0	289
2893	WA042	0	289
2894	APZA200	0	140
2895	ZGNS079	0	289
2896	ZGNS021	0	289
2897	ZGNS019	0	272
2898	ZGNS020	0	289
2899	CEA135	0	289
2900	APZA020	0	289
2901	APZA022	0	308
2902	ZGNS049	0	289
2903	ZGNS009	0	289
2904	ZGNS010	0	289
2905	ZGNS015	0	289
2906	ZGNS047	0	289
2908	ZGNS115	0	289
2909	ZGNS141	0	289
2910	SON001	0	289
2911	SON038	0	289
2912	SPM408	0	289
2913	ZGNS063	0	289
2914	ZGNS045	0	272
2915	ZGNS074	0	289
2916	APZA191	0	289
2917	ZGNS057	0	289
2918	ZGNS109	0	289
2919	ZGN025	0	289
2920	ZGN032	0	289
2921	ZGN039	0	289
2922	APZN010	0	289
2923	ZGN034	0	289
2924	ZGNS095	0	289
2925	ZGNS097	0	289
2926	WA016	0	289
2927	SON037	0	289
2928	CEA133	0	289
2929	CEA143	0	289
2930	SPM360	0	289
2931	SPM400	0	289
2932	SPM404	0	289
2933	APZA028	0	289
2934	APZA204	0	289
2935	APZA021	0	289
2936	APZC022	0	308
2937	ZGNS137	0	289
2938	ZGNS012	0	289
2939	ZGNS098	0	289
2940	ZGNS105	0	289
2941	ZGNS055	0	272
2942	ZGNS128	0	289
2943	ZGNS129	0	289
2945	ZGNS124	0	289
2946	ZGNS073	0	289
2947	ZGNS071	0	289
2948	ZGNS048	0	289
2949	ZGNS066	0	289
2977	APZG0382	0	293
2978	APZG0384	0	293
2983	KA151	0	4447
3012	KA150	0	4447
3017	AZML034	0	289
3019	SOS138	0	289
3024	APZH014	0	100
3025	SOS140	0	289
3028	WA069	0	289
3029	SON308	0	289
3030	WA068	0	289
3052	APZG0389	0	293
3053	APZG0391	0	293
3061	YS053	0	4447
3062	YS054	0	4447
3065	SL0094	0	4447
3070	ZG0106	0	272
3071	KA164	0	4447
3081	APZG0395	0	293
3084	APZG0398	0	293
3085	APZG0399	0	293
3086	CEA145	0	289
3087	AF0196	0	289
3089	T6504	0	272
3090	T6505	0	272
3091	KM0024	0	289
3095	AF214	0	289
3096	AF211	0	289
3097	WA080	0	289
3098	WA079	0	289
3100	AF218	0	100
3101	WA075	0	289
3103	AF213	0	289
3105	SL0095	0	4447
3106	CEA148	0	289
3108	WA074	0	289
3110	KMO0129	0	289
3112	CEA149	0	289
3113	WA071	0	289
3114	CEA150	0	289
3117	T6443	0	289
3126	SL102	0	4447
3127	SL099	0	4447
3128	YS056	0	4447
3129	SL103	0	4447
3130	YS055	0	4447
3139	KS055	0	4447
3140	SL104	0	4447
3145	SL012	0	4447
3146	SL095	0	4447
3148	CEA164	0	289
3151	CEA167	0	289
3153	T6445	0	214
3155	SPM414	0	289
3156	WA076	0	289
3172	CEA160	0	289
3173	CEA147	0	289
3174	CEA156	0	289
3175	SPM413	0	289
3176	CEA161	0	289
3185	APZH002	0	87
3186	APZH006	0	87
3188	APZH024	0	87
3194	CEA168	0	289
3195	CEA170	0	289
3196	CEA171	0	289
3200	KM00135	0	289
3203	APZB195	0	113
3205	APZG0404	0	293
3206	APZG0406	0	293
3207	APZG0407	0	293
3209	APZG0409	0	293
3214	KA165	0	4447
3215	KA174	0	4447
3216	YS064	0	4447
3217	YS061	0	4447
3218	YS062	0	4447
3219	T6447	0	214
3220	CEA173	0	289
3222	SON048	0	289
3228	APZS124	0	154
3229	APZJ002	0	154
3231	APZN008	0	308
3233	APZT003	0	214
3240	KA176	0	4447
3241	KA175	0	4447
3255	T6448	0	214
3271	WB123	0	113
3272	T6534	0	113
3274	WB126	0	113
3276	KM00143	0	289
3277	CES064	0	289
3278	WA090	0	289
3279	KM0144	0	289
3280	SPM418	0	289
3282	WA091	0	289
3293	SON049	0	289
3294	APZG0415	0	293
3299	CEA174	0	289
3300	SON047	0	289
3301	SON050	0	289
3302	WB128	0	113
3304	APZS142	0	100
3306	KM00145	0	100
3317	CEA176	0	289
3324	APZG0416	0	293
3325	CEA177	0	289
3343	YS071	0	4447
3352	T6449	0	214
3361	ZG0112	0	272
3372	AQ0675	0	272
3375	T6499	0	272
3377	T6506	0	272
3384	AQ0561	0	272
3386	ZG0280	0	272
3400	ZG0136	0	272
3404	KM00159	0	100
3405	APZS145	0	100
3406	APZS144	0	100
3407	APZS143	0	100
3408	APZG0417	0	293
3411	APZG0420	0	293
3416	CEA178	0	289
3422	APZG0410	0	293
3426	KM00148	0	87
3428	KM00152	0	87
3429	KM00154	0	87
3430	APZC209	0	289
3431	APZA008	0	289
3432	KMO0147	0	289
3434	KMO0156	0	289
3438	KM00157	0	289
3439	T6588	0	298
3447	SPM424	0	289
3448	SPM422	0	289
3450	ZGN113	0	272
3452	T6518	0	100
3453	APZS155	0	100
3454	APZS156	0	100
3455	APZS157	0	100
3456	APZG0422	0	293
3457	APZG0423	0	293
3458	APZG0424	0	293
3459	APZG0425	0	293
3460	APZG0426	0	293
3465	WA097	0	289
3466	T6456	0	289
3467	KM0164	0	289
3468	T6452	0	289
3470	APZS149	0	100
3475	APZG0427	0	293
3483	WE0303	0	272
3484	KM00165	0	289
3486	KM00147	0	289
3487	CEA175	0	289
3488	SPM412	0	289
3489	APZA170	0	289
3490	AQ0293	0	272
3491	AQ0076	0	272
3496	WA099	0	289
3499	WB135	0	113
3502	APZS158	0	100
3504	KM0073	0	289
3505	WA101	0	289
3506	WA102	0	289
3507	WA103	0	289
3508	KMO0163	0	289
3509	KM00171	0	289
3510	APZG0434	0	293
3511	APZS159	0	100
3512	WA105	0	289
3513	KM00173	0	289
3514	KM00181	0	289
3515	WA104	0	289
3516	KM00164	0	289
3517	WA100	0	289
3518	KM00180	0	289
3519	ZG0031	0	272
3521	AQ0503	0	272
3522	APZB197	0	113
3523	APZB200	0	113
3524	APZB208	0	113
3529	T6527	0	298
3535	KM00183	0	289
3536	KM00190	0	289
3543	KM00186	0	289
3544	APZS165	0	289
3545	T6508	0	289
3546	SPM431	0	289
3547	WE133	0	113
3548	WE134	0	113
3550	SPM439	0	289
3551	SPM437	0	289
3568	WB136	0	113
3569	WB139	0	113
3570	WA112	0	289
3576	WA106	0	289
3577	WB100	0	113
3578	APZB209	0	113
3579	APZB204	0	113
3580	WB137	0	113
3584	WA111	0	289
3585	YS082	0	4447
3586	SL136	0	4447
3594	KMO0199	0	289
3596	APZG0436	0	293
3597	APZG0437	0	293
3598	APZG0438	0	293
3599	APZG0439	0	293
3600	APZG0440	0	293
3601	APZG0442	0	293
3602	APZG0441	0	293
3603	APZG0443	0	293
3604	APZG0444	0	293
3605	APZG0445	0	293
3606	APZG0446	0	293
3607	APZG0447	0	293
3608	APZG0448	0	293
3609	APZG0449	0	293
3610	APZG0452	0	4447
3611	WA116	0	289
3612	KM00204	0	289
3617	KM00191	0	100
3618	KM00197	0	100
3619	KM00198	0	100
3620	APZS172	0	100
3621	APZS173	0	100
3623	APZS167	0	100
3630	AQ0560	0	272
3632	T6502	0	272
3652	APZB213	0	113
3663	AQ0585	0	272
3665	AQ0587	0	272
3671	APZG0456	0	293
3672	APZG0457	0	293
3673	APZG0458	0	293
3674	APZG0459	0	293
3677	WE0318	0	272
3678	WE0316	0	272
3681	ZG0149	0	272
3687	WE0315	0	272
3688	WE0308	0	272
3697	APZS194	0	100
3698	APZS193	0	100
3699	APZS198	0	100
3701	KM00211	0	100
3702	KM00215	0	100
3703	WB143	0	113
3704	WA119	0	289
3705	APZS181	0	289
3709	T6538	0	159
3710	T6537	0	159
3713	T6529	0	298
3716	WB147	0	113
3717	SPM445	0	289
3718	APZS178	0	289
3719	WA122	0	289
3721	SPM451	0	289
3722	APZS188	0	289
3731	ZG0159	0	308
3738	APZS218	0	100
3739	APZS216	0	100
3742	APZG0461	0	293
3744	APZG0465	0	293
3745	APZG0467	0	293
3747	APZG0469	0	293
3748	WA126	0	289
3749	ZGNS159	0	289
3750	CES069	0	154
3752	WA129	0	289
3754	ZG0150	0	272
3757	ZG0153	0	272
3758	ZG0154	0	272
3760	AQ0592	0	272
3762	ZG0158	0	272
3765	KM00229	0	289
3798	T6457	0	289
3807	KM00239	0	100
3808	KM00242	0	100
3809	WE0309	0	272
3810	WB165	0	113
3813	WB157	0	113
3815	KM00241	0	100
3826	APZS227	0	100
3827	KM00246	0	100
3828	ZG0182	0	272
3829	AQ0607	0	272
3831	AQ0609	0	272
3832	AQ0610	0	272
3835	ZG0183	0	272
3837	APZG0471	0	293
3838	APZG0472	0	293
3840	APZS206	0	100
3843	KM00237	0	100
3844	KM00247	0	100
3845	KM0027	0	100
3846	APZS233	0	100
3847	APZS234	0	100
3850	APZS232	0	100
3852	ZG0187	0	308
3863	APZS222	0	100
3866	APZS229	0	100
3867	APZS236	0	100
3871	WA146	0	289
3874	APZG0480	0	293
3875	APZG0481	0	293
3876	APZG0482	0	293
3877	APZG0483	0	293
3878	APZG0466	0	4447
3880	APZG0487	0	4447
3881	APZG0476	0	293
3882	APZG0477	0	293
3884	APZG0474	0	4447
3885	APZG0473	0	293
3886	APZG0412	0	293
3887	KM00243	0	289
3888	CEA192	0	289
3889	SPM460	0	289
3890	KM00255	0	100
3892	CEA185	0	289
3899	KM00257	0	100
3900	KM00256	0	100
3901	APZS241	0	100
3907	ZG0170	0	272
3908	APZG0485	0	293
3909	APZG0486	0	293
3912	APZG0489	0	4447
3913	APZG0491	0	293
3914	APZG0492	0	293
3917	APZS251	0	100
3919	KM00259	0	100
3920	KM00264	0	100
3921	KM00260	0	100
3923	APZS245	0	100
3926	APZS246	0	100
3928	APZS252	0	100
3929	SPM461	0	289
3930	KMO00251	0	289
3931	SPM466	0	289
3932	ZG0184	0	272
3933	SPM465	0	289
3934	WA154	0	289
3939	KM00250	0	289
3941	APZS254	0	100
3942	APZS278	0	100
3950	ZG0173	0	272
3960	KA214	0	154
3961	T6463	0	154
3962	KA218	0	154
3963	KA219	0	154
3965	KA217	0	154
3969	APZG0494	0	293
3971	APZG0496	0	293
3972	APZG0497	0	293
3973	APZS285	0	100
3974	CEA209	0	100
3975	KM00277	0	100
3976	KM00278	0	100
3979	KA220	0	154
3981	KM0081	0	100
3982	APZS294	0	100
3983	T6521	0	100
3994	APZS287	0	100
3995	CEA208	0	100
3997	KM00273	0	100
3998	KM00274	0	100
4001	ZG0189	0	272
4002	ZG0203	0	272
4004	AQ0628	0	272
4015	AQ0606	0	272
4016	KM00270	0	289
4017	APZS11419	0	289
4021	KM0272	0	289
4023	SPM470	0	289
4028	AQ0629	0	272
4030	WE0317	0	272
4032	APZG0499	0	293
4033	APZG0500	0	293
4035	APZG0502	0	4447
4036	APZG0503	0	293
4037	APZG0505	0	293
4039	APZG0507	0	293
4040	CEA 218	0	100
4041	T6586	0	100
4042	CEA218	0	100
4046	M0759	0	4653
4047	T6458	0	308
4053	WE0320	0	272
4054	ZG0201	0	272
4055	ZG0202	0	272
4058	ZG0165	0	272
4064	AQ0566	0	272
4065	ZG0206	0	272
4071	KM00285	0	100
4072	KM00296	0	100
4083	T6519	0	100
4084	APZG0510	0	293
4085	APZG0511	0	293
4093	WB0138	0	308
4094	AQ0630	0	272
4097	KM00302	0	100
4103	APZS320	0	100
4107	ZG0234	0	272
4114	AQ0617	0	272
4115	T6460	0	308
4116	T6461	0	308
4119	APZS310	0	289
4120	KMO 0272	0	289
4121	APZS307	0	289
4122	APZS308	0	289
4123	APZS309	0	289
4124	CEA204	0	289
4125	SPM476	0	289
4126	APZS297	0	289
4127	APZS270	0	289
4128	APZS272	0	289
4129	APZS302	0	289
4130	APZS303	0	289
4131	SPM462	0	289
4133	APZS325	0	100
4134	APZS312	0	100
4136	SPM526	0	100
4137	SPM515	0	100
4139	KM00306	0	100
4140	APZG0513	0	293
4141	APZG0514	0	293
4142	APZG0515	0	293
4143	APZG0516	0	293
4144	APZG0517	0	293
4145	APZG0519	0	293
4146	APZG0520	0	293
4147	APZG0521	0	293
4150	APZG0523	0	293
4153	WA175	0	289
4154	WA177	0	289
4155	CEA231	0	100
4167	ZG0237	0	308
4174	WA162	0	289
4175	WA181	0	289
4176	SPM522	0	289
4177	KMO0272	0	289
4178	APZS317	0	289
4179	SPM503	0	289
4180	SPM502	0	289
4181	KA227	0	154
4182	WA158	0	289
4183	WA159	0	289
4184	CEA199	0	289
4185	APZS319	0	289
4187	ZG0309	0	272
4192	ZG0247	0	272
4194	WA165	0	289
4197	WA134	0	289
4198	CEA219	0	289
4199	WA150	0	289
4200	SPM499	0	289
4201	SPM486	0	289
4204	WA161	0	289
4206	ZG0236	0	272
4207	WA123	0	289
4208	WA166	0	289
4209	SPM520	0	289
4210	KMO0203	0	289
4211	APZS300	0	289
4212	APZS301	0	289
4213	SPM509	0	289
4214	WA174	0	289
4215	SPM516	0	100
4217	SPM549	0	100
4218	SPM548	0	100
4219	APZS330	0	100
4221	KM00286	0	100
4224	SPM523	0	100
4225	APZS327	0	289
4231	ZG0246	0	272
4232	ZG0192	0	272
4233	ZG0218	0	272
4237	AQ0642	0	272
4238	APZS342	0	100
4240	ZG0245	0	272
4259	APZG0524	NULL	293
4260	APZG0525	NULL	293
4263	APZG0529	NULL	293
4264	APZG0530	NULL	293
4265	APZG0531	NULL	293
4266	APZG0532	NULL	293
4267	APZG0533	NULL	293
4271	WA187	NULL	289
4272	KMO0136	NULL	289
4273	SPM551	NULL	289
4274	ZG0249	NULL	272
4275	ZG0239	NULL	272
4276	ZG0274	NULL	272
4277	ZG0248	NULL	272
4278	AQ0641	NULL	272
4279	SPM540	NULL	289
4280	WA189	NULL	289
4281	SPM530	NULL	289
4282	APZS338	NULL	289
4283	APZS339	NULL	289
4284	SPM477	NULL	289
4285	SPM539	NULL	289
4286	SPM537	NULL	289
4287	KM00316	NULL	289
4288	SPM550	NULL	289
4289	SPM541	NULL	289
4290	SPM528	NULL	289
4291	APZR193	NULL	289
4292	SPM261	NULL	289
4293	APZR202	NULL	289
4294	KMO0181	NULL	289
4296	ZG0282	NULL	308
4297	CEA067	NULL	289
4298	WA170	NULL	289
4299	SPM556	NULL	289
4300	SPM557	NULL	289
4301	APZS328	NULL	289
4302	SPM510	NULL	289
4303	SPM505	NULL	289
4304	SPM534	NULL	289
4305	WA179	NULL	289
4306	ZG0255	NULL	272
4307	ZG0252	NULL	272
4308	KAKASBB	NULL	113
4310	T6528	0	298
4315	APZS355	NULL	100
4323	SPM576	NULL	100
4324	SPM585	NULL	100
4325	APZS353	NULL	100
4326	APZG0535	NULL	4447
4327	APZG0534	NULL	4447
4329	SPM572	NULL	100
4332	WA206	NULL	289
4333	SPM558	NULL	289
4334	SPM555	NULL	289
4335	WA209	NULL	289
4336	AP115419	NULL	289
4337	APZS372	NULL	289
4338	APZS371	NULL	289
4339	APZS351	NULL	289
4340	APZS357	NULL	289
4341	SPM564	NULL	289
4342	KMO0324	NULL	289
4343	SL151	NULL	4447
4345	APZB261	NULL	113
4346	APZB243	NULL	113
4347	APZB256	NULL	113
4349	APZB243	NULL	113
4350	APZB232	NULL	113
4352	WB193	NULL	113
4356	AQ0645	NULL	272
4357	AQ0693	NULL	272
4359	AQ0643	NULL	272
4360	AQ0647	NULL	272
4361	ZG0250	NULL	272
4362	ZG0253	NULL	272
4363	AQ0654	NULL	272
4364	ZG0273	NULL	272
4366	AQ0667	NULL	272
4367	AQ0682	NULL	272
4368	AQ0683	NULL	272
4369	AQ0668	NULL	272
4370	ZG0272	NULL	272
4371	AQ0681	NULL	272
4372	AQ0680	NULL	272
4374	AQ0668	NULL	272
4379	AQ0686	NULL	308
4383	ZG0290	NULL	308
4399	APZ183	NULL	308
4408	ZG0288	NULL	308
4417	AQ0648	NULL	272
4418	APZS228	NULL	289
4419	SPM504	NULL	289
4420	KM00326	NULL	289
4421	WA216	NULL	289
4422	APZS382	NULL	289
4423	APZS215	NULL	289
4424	SPM578	NULL	289
4425	APZB249	NULL	113
4426	APZB240	NULL	113
4427	APZB252	NULL	113
4428	APZB254	NULL	113
4429	APZB255	NULL	113
4430	APZB258	NULL	113
4431	APZB259	NULL	113
4432	APZB260	NULL	113
4434	APZB262	NULL	113
4435	APZB263	NULL	113
4437	WB179	NULL	113
4440	KMO0349	NULL	289
4441	KMO0350	NULL	289
4442	APZS374	NULL	289
4445	T6462	NULL	308
4448	APZS 367	NULL	289
4449	SPM 599	NULL	289
4453	APZG0537	NULL	293
4454	APZG0538	NULL	293
4456	T6531	NULL	113
4458	APZB248	NULL	113
4459	APZB264	NULL	113
4460	WB196	NULL	113
4462	WB194	NULL	113
4464	ZG0243	NULL	272
4465	ZG0242	NULL	272
4466	ZG0268	NULL	272
4467	ZG0315	NULL	272
4468	AQ0714	NULL	272
4469	AQ0701	NULL	272
4470	AQ0704	NULL	272
4471	AQ0708	NULL	272
4472	AQ0713	NULL	272
4473	ZG0318	NULL	272
4474	ZG0319	NULL	272
4475	WE0323	NULL	272
4476	WE0324	NULL	272
4477	WE0326	NULL	272
4478	WE0327	NULL	272
4479	ZG0230	NULL	272
4482	WA226	NULL	289
4483	AQ0705	NULL	272
4484	APZS369	NULL	289
4485	KMO0545	NULL	289
4486	ZGNA033	NULL	289
4487	SPM161	NULL	289
4488	KMO0341	NULL	289
4496	ZG0320	NULL	272
4497	WA212	NULL	289
4498	KMO0334	NULL	289
4499	KMO0332	NULL	289
4504	APZS387	NULL	289
4506	ZG0322	NULL	272
4507	AQ0665	NULL	272
4509	ZG0302	NULL	272
4511	KM00353	NULL	100
4514	SPM624	NULL	100
4517	ZG0303	NULL	272
4518	ZG0313	NULL	272
4519	AQ0703	NULL	272
4520	AQ0702	NULL	272
4521	AQ0710	NULL	272
4522	AQ0698	NULL	272
4523	AQ0697	NULL	272
4529	ZG0314	NULL	272
4530	ZG0304	NULL	272
4531	KM00380	NULL	100
4532	APZG0539	NULL	4447
4534	KM00351	NULL	289
4535	APZS386	NULL	289
4551	ZG269	NULL	308
4554	AQ0716	NULL	308
4557	KMO0358	NULL	289
4559	WA220	NULL	289
4560	WA221	NULL	289
4561	KMO0338	NULL	289
4562	WA218	NULL	289
4566	APZB266	NULL	113
4567	APZB234	NULL	113
4568	T6541	NULL	113
4570	KM00352	NULL	289
4571	WA217	NULL	289
4572	SPM580	NULL	100
4573	SPM623	NULL	100
4575	WA235	NULL	100
4576	SPM621	NULL	100
4579	WA237	NULL	100
4592	APZS398	NULL	289
4598	ZG0254	NULL	272
4600	AQ0736	NULL	272
4601	AQ0737	NULL	308
4604	AQ0740	NULL	308
4616	APZG0540	NULL	293
4618	APZG0542	NULL	293
4619	APZG0543	NULL	293
4620	APZS428	NULL	100
4621	APZS441	NULL	100
4622	KM00386	NULL	100
4630	SPMT012	NULL	308
4636	APZS425	NULL	289
4637	SPM012	NULL	308
4655	SPM635	NULL	289
4656	APZS432	NULL	289
4658	WT0017	NULL	308
4660	SPMT006	NULL	308
4666	KMO0373	NULL	289
4668	SPM592	NULL	289
4669	KMO0378	NULL	289
4670	SPM474	NULL	289
4671	SPM482	NULL	289
4672	SPM484	NULL	289
4673	KMO0343	NULL	289
4674	SPM660	NULL	289
4675	WA176	NULL	289
4676	APZS362	NULL	289
4677	WB0165	NULL	113
4678	APZD001	NULL	113
4679	APZB137	NULL	113
4680	APZB251	NULL	113
4681	APZB273	NULL	113
4682	APZS444	NULL	289
4683	APZS445	NULL	289
4684	ZG0267	NULL	272
4685	ZG0221	NULL	272
4687	WA222	NULL	289
4688	AQ0758	NULL	272
4689	AQ0720	NULL	272
4690	AQ0721	NULL	272
4691	ZG0345	NULL	272
4692	ZG0346	NULL	272
4694	APZG0544	NULL	293
4695	APZG0545	NULL	293
4696	APZG0546	NULL	293
4697	M0770	NULL	358
4702	WT0021	NULL	308
4706	ZG0353	NULL	308
4708	WT0023	NULL	308
4727	WB0199	NULL	113
4728	APZS437	NULL	289
4729	APZS446	NULL	289
4735	APZS453	NULL	100
4737	KM00402	NULL	100
4738	APZS349	NULL	100
4742	T6517	NULL	100
4747	T6465	NULL	139
4748	ZG0364	NULL	272
4749	SPMT0029	NULL	272
4750	SPMT0030	NULL	272
4751	ZG0367	NULL	272
4752	AQ0785	NULL	272
4753	AQ0783	NULL	272
4754	AQ0782	NULL	272
4755	SPMT0028	NULL	272
4756	SPMT0027	NULL	272
4757	AQ0772	NULL	272
4758	AQ0770	NULL	272
4759	SPMT0024	NULL	272
4760	ZG0361	NULL	272
4761	AQ0753	NULL	272
4762	AQ0360	NULL	272
4763	AQ0767	NULL	272
4764	SPMT0023	NULL	272
4765	ZG0356	NULL	272
4766	ZG0358	NULL	272
4768	SPMT0020	NULL	272
4769	ZG0359	NULL	272
4770	AQ0777	NULL	272
4771	SPMT0026	NULL	272
4772	ZG0366	NULL	272
4773	AQ0723	NULL	272
4774	AQ0757	NULL	272
4775	ZG0328	NULL	272
4776	AQ0779	NULL	272
4777	AQ0778	NULL	272
4778	WA246	NULL	289
4779	KMO0395	NULL	289
4785	AQ0780	NULL	272
4786	AQ0781	NULL	272
4787	SPMT0031	NULL	272
4788	AQ0762	NULL	272
4789	KM00403	NULL	100
4790	KM00406	NULL	100
4793	ZG0330	NULL	272
4796	APZB277	NULL	113
4804	ZG0372	NULL	308
4805	ZG371	NULL	308
4820	APZG0551	NULL	293
4821	APZG0552	NULL	293
4823	APZG0554	NULL	293
4824	APZG0555	NULL	293
4825	APZG0556	NULL	293
4826	APZG0557	NULL	293
4827	AQ0729	NULL	272
4828	AQ0792	NULL	272
4830	ZG0357	NULL	272
4831	WE0332	NULL	272
4836	SPMT035	NULL	272
4841	ZG0339	NULL	272
4843	AQ0793	NULL	272
4845	APZS472	NULL	100
4848	SPM713	NULL	100
4849	SPM716	NULL	100
4859	APZS556	NULL	100
4860	APZS557	NULL	100
4863	KM00415	NULL	100
4868	AQ0791	NULL	272
4869	AQ0789	NULL	272
4870	WE0333	NULL	272
4871	WE0334	NULL	272
4872	AQ0803	NULL	272
4873	ZG0418	NULL	272
4874	ZG0419	NULL	272
4875	ZG0421	NULL	272
4876	ZG0422	NULL	272
4877	ZG0387	NULL	272
4878	ZG0412	NULL	272
4879	APZG0558	NULL	293
4880	APZG0559	NULL	293
4881	APZG0560	NULL	293
4882	APZG0561	NULL	293
4883	APZG0562	NULL	4447
4884	APZG0564	NULL	293
4885	APZG0565	NULL	293
4887	APZG0566	NULL	293
4888	APZG0569	NULL	4447
4889	APZG0570	NULL	293
4890	APZG0571	NULL	4447
4891	ZG0393	NULL	272
4892	ZG0414	NULL	272
4893	ZG0415	NULL	272
4894	ZG0416	NULL	272
4895	ZG0420	NULL	272
4896	ZG0400	NULL	272
4897	AQ0784	NULL	272
4899	WE0328	NULL	272
4900	WE0336	NULL	272
4901	WE0337	NULL	272
4902	ZG0427	NULL	272
4903	ZG0426	NULL	272
4904	ZG0379	NULL	272
4905	AQ0798	NULL	272
4906	ZG0397	NULL	272
4907	WE0338	NULL	272
4924	SPMT038	NULL	308
4925	SPMT039	NULL	308
4926	SPMT040	NULL	308
4928	SPMT042	NULL	308
4929	ZG0424	NULL	308
4931	WT0032	NULL	308
4939	M0778	NULL	107
4940	APZB307	NULL	113
4941	APZB310	NULL	113
4943	APZB324	NULL	113
4944	WB201	NULL	113
4945	WB202	NULL	113
4946	WB199	NULL	113
4947	SPM691	NULL	289
4948	YSA030	NULL	289
4949	KMO0414	NULL	289
4950	WA277	NULL	289
4951	WA280	NULL	289
4952	APZS532	NULL	289
4953	APZS533	NULL	289
4954	APZS534	NULL	289
4955	SPM696	NULL	289
4956	APZS443	NULL	289
4959	SPM661	NULL	289
4960	SPM657	NULL	289
4961	APZS481	NULL	289
4962	APZS478	NULL	289
4963	SPM721	NULL	289
4964	WA248	NULL	289
4965	YSA051	NULL	289
4966	YSA052	NULL	289
4967	YSA053	NULL	289
4968	YSA016	NULL	289
4969	ZGNS 562	NULL	289
4970	ZGNS563	NULL	289
4971	WE0325	NULL	272
4974	YSA022	NULL	100
4975	SPM749	NULL	100
4976	SPM754	NULL	100
4977	SPM761	NULL	100
4980	SPM747	NULL	100
4986	M0771	NULL	197
4988	M0777	NULL	87
4989	TS1166	NULL	358
4990	CS0033	NULL	197
4991	M0782	NULL	139
4992	M0783	NULL	139
4994	M0784	NULL	4653
4995	M0781	NULL	197
4996	TS1171	NULL	289
4997	TS1173	NULL	289
4998	TS1168	NULL	289
4999	TS1170	NULL	289
5000	TS1172	NULL	289
5005	APZG0572	NULL	293
5006	APZG0573	NULL	293
5007	APZG0574	NULL	293
5008	APZG0575	NULL	4447
5009	APZG0576	NULL	293
5010	ZG0413	NULL	272
5013	APZB355	NULL	113
5014	APZB359	NULL	113
5015	AQ0804	NULL	272
5016	AQ0799	NULL	272
5017	SACT006	NULL	272
5018	SACT007	NULL	272
5020	SAC026	NULL	100
5026	ZG0431	NULL	308
5046	APZS562	NULL	289
5047	WA266	NULL	289
5048	SPM770	NULL	289
5049	SPM771	NULL	289
5050	SLA002	NULL	289
5051	APZS470	NULL	289
5052	APZS564	NULL	289
5053	APZB345	NULL	113
5054	APZB341	NULL	113
5055	APZB342	NULL	113
5057	APZS586	NULL	100
5058	APZG588	NULL	100
5061	APZG0578	NULL	293
5062	APZG0579	NULL	293
5063	APZG0577	NULL	293
5064	APZG0536	NULL	293
5069	SACT008	NULL	272
5070	SPMT047	NULL	272
5072	ZG0447	NULL	272
5073	ZG0445	NULL	272
5074	ZG0443	NULL	272
5075	ZG0444	NULL	272
5076	SPMT046	NULL	272
5077	SPMT045	NULL	272
5078	SPMT044	NULL	272
5082	YSA101	NULL	100
5087	YSA100	NULL	100
5102	SPMT049	NULL	272
5103	APZS612	NULL	100
5104	APZS616	NULL	100
5106	SAC080	NULL	100
5112	TS1174	NULL	289
5113	SAC013	NULL	289
5114	APZS569	NULL	289
5115	SAC018	NULL	289
5116	WA278	NULL	289
5117	WA279	NULL	289
5118	YSA073	NULL	289
5119	SAC054	NULL	289
5120	SPM619	NULL	289
5121	SPM775	NULL	289
5122	YSA074	NULL	289
5123	SPM787	NULL	289
5124	APZS530	NULL	289
5125	APZS583	NULL	289
5126	YSA054	NULL	289
5127	SPM794	NULL	289
5128	SPMT055	NULL	272
5129	ZG0375	NULL	272
5130	ZG0384	NULL	272
5131	ZG0438	NULL	272
5132	ZG0399	NULL	272
5133	ZG0385	NULL	272
5134	ZG0360 	NULL	272
5135	SPMT0045	NULL	272
5136	SPMT0044	NULL	272
5137	SPMT0046	NULL	272
5138	SPMT0047	NULL	272
5139	SACT004	NULL	272
5141	SACT001	NULL	272
5142	SACT011	NULL	272
5143	SACT014	NULL	272
5145	ZG0450	NULL	272
5146	SPMT050	NULL	272
5147	SPMT051	NULL	272
5149	SPMT052	NULL	272
5150	AQ0810	NULL	272
5151	AQ0811	NULL	272
5156	ZG0355	NULL	272
5179	APZG0582	NULL	293
5180	APZG0583	NULL	4447
5181	APZG0585	NULL	293
5182	APZG0586	NULL	293
5183	APZG0587	NULL	293
5192	SAC064	NULL	100
5230	AQ0816	NULL	272
5231	AQ0817	NULL	272
5232	AQ0818	NULL	272
5233	ZG0338	NULL	272
5234	AQ0773	NULL	272
5235	ZG0394	NULL	272
5236	ZG0395	NULL	272
5242	YSA090	NULL	289
5243	YSA110	NULL	289
5244	NMO0420	NULL	289
5245	SPM799	NULL	289
5246	YSA096	NULL	289
5247	WA302	NULL	289
5248	ZGNS562	NULL	289
5249	KMO0146	NULL	289
5250	YSA098	NULL	289
5251	SPM837	NULL	289
5252	YSA062	NULL	289
5253	YSA089	NULL	289
5254	YSA091	NULL	289
5255	YSA097	NULL	289
5273	APZS639	NULL	100
5274	APZS638	NULL	100
5276	SPMT065	NULL	272
5277	ZG0452	NULL	272
5278	SACT024	NULL	272
5279	SACT026	NULL	272
5280	SACT028	NULL	272
5281	SACT029	NULL	272
5282	WE0339	NULL	272
5283	AQ0825	NULL	272
5284	ZG0460	NULL	272
5285	SPMT069	NULL	272
5286	SPMT070	NULL	272
5287	SPMT071	NULL	272
5288	ZG0459	NULL	272
5289	M0793	NULL	100
5313	YSA116	NULL	100
5314	YSA117	NULL	100
5327	APZG0590	NULL	293
5328	APZG0591	NULL	293
5332	ZG0451	NULL	272
5335	SACT027	NULL	272
5352	WT0039	NULL	159
5353	KMO0420	NULL	289
5354	TESTING	0	299
5355	SPM864	NULL	100
5366	SPM857	NULL	100
5374	APZS656	NULL	100
5391	APZS589	NULL	100
5392	APZS597	NULL	100
5393	SAC073	NULL	100
5394	SAC072	NULL	100
5395	YSA121	NULL	100
5396	SPM858	NULL	100
5397	SPM863	NULL	100
5398	APZS655	NULL	100
5400	KMO0164	NULL	289
5401	APZB423	0	178
5402	APZB414	0	178
5403	T6539	0	178
5404	SACT009	NULL	272
5405	SACT010	NULL	272
5406	SACT012	NULL	272
5407	SACT013	NULL	272
5408	SACT015	NULL	272
5409	APZS629	NULL	289
5410	APZS630	NULL	289
5411	SLA012	NULL	289
5412	APZS452	NULL	289
5413	APZS609	NULL	289
5414	SLA005	NULL	289
5415	APZS422	NULL	289
5416	SPM831	NULL	289
5417	APZS574	NULL	289
5418	APZS575	NULL	289
5419	SAC041	NULL	289
5420	SPM825	NULL	289
5421	SAC084	NULL	289
5422	SPM815	NULL	289
5423	SPM823	NULL	289
5424	APZS602	NULL	289
5426	SPM709	NULL	289
5427	SAC019	NULL	289
5428	APZS603	NULL	289
5429	SLA011	NULL	289
5430	WA303	NULL	289
5431	SPM827	NULL	289
5433	APZG0548	NULL	154
5434	APZG0550	NULL	154
5435	APZG0593	NULL	154
5436	APZG0594	NULL	154
5437	APZG0595	NULL	154
5438	SL192	NULL	143
5439	KA292	NULL	143
5441	KA275	NULL	143
5442	YS134	NULL	143
5443	YS142	NULL	143
5444	SPMT108	NULL	272
5445	SPMT110	NULL	272
5446	SPMT090	NULL	272
5447	ZG0472	NULL	272
5448	ZG0456	NULL	272
5450	YSA066	NULL	289
5451	SPM805	NULL	289
5452	APZS664	NULL	289
5453	APZS507	NULL	289
5454	WA225	NULL	289
5455	SPM743	NULL	289
5456	SAC004	NULL	289
5457	WA312	NULL	289
5458	KMO0377	NULL	289
5459	APM741	NULL	289
5460	SAC056	NULL	289
5462	SAC051	NULL	289
5464	YSA131	NULL	289
5465	APZSA023	NULL	289
5466	SAC058	NULL	289
5467	SPM832	NULL	289
5468	APZS625	NULL	289
5481	SPM885	NULL	100
5482	SLA021	NULL	289
5483	SPM877	NULL	289
5484	SPM876	NULL	289
5485	APZS662	NULL	289
5486	APZS635	NULL	289
5489	SPM882	NULL	100
5491	APZG0592	NULL	293
5492	APZG0596	NULL	293
5493	APZG0597	NULL	293
5495	APZG0599	NULL	293
5496	APZG0600	NULL	293
5497	APZG0601	NULL	293
5498	APZG0602	NULL	293
5499	APZG0603	NULL	4447
5500	T6526	NULL	100
5501	SPM883	NULL	100
5502	APZS324	NULL	100
5503	APZS511	NULL	100
5505	APZG0598	NULL	4447
5509	APZS661	NULL	298
5510	SPM879	NULL	298
5514	SAC105	NULL	100
5515	T6585	NULL	100
5516	YSA137	NULL	100
5517	SLA024	NULL	100
5518	T6582	NULL	100
5519	T6583	NULL	100
5520	T6584	NULL	100
5522	SAC107	NULL	100
5525	SAC101	NULL	100
5526	SAC102	NULL	298
5527	SAC104	NULL	298
5528	SAC100	NULL	298
5529	SAC103	NULL	298
5530	SAC106	NULL	298
5531	SAC099	NULL	298
5534	KA295	NULL	154
5535	KA285	NULL	154
5536	KA284	NULL	154
5537	KA268	NULL	154
5538	KA272	NULL	154
5539	WA203	NULL	140
5540	SPM667	NULL	140
5541	SPM700	NULL	140
5542	SLA018	NULL	140
5543	WA289	NULL	140
5544	WA204	NULL	140
5546	SPM701	NULL	140
5547	APZS571	NULL	140
5548	APZS502	NULL	140
5549	SPM852	NULL	140
5551	KMO0364	NULL	140
5553	WA288	NULL	140
5555	SPM702	NULL	140
5556	WA867	NULL	140
5557	SON029	NULL	140
5558	APZS539	NULL	140
5559	SAC092	NULL	140
5560	SAC096	NULL	140
5561	APZS538	NULL	140
5562	YSA118	NULL	140
5564	APZS650	NULL	140
5565	YSA124	NULL	140
5566	APZS528	NULL	140
5567	YSA123	NULL	140
5568	SPM868	NULL	140
5569	SAC091	NULL	140
5570	YSA146	NULL	298
5571	SPM895	NULL	298
5572	SPM896	NULL	298
5573	SPM897	NULL	298
5575	KST018	NULL	159
5579	KST020	NULL	308
5581	SPMT141	NULL	159
5582	KST023	NULL	308
5583	SPMT142	NULL	308
5584	SPMT143	NULL	308
5585	SPMT144	NULL	308
5586	ZGNS188	NULL	100
5587	ZGNS189	NULL	100
5588	ZGNS187	NULL	100
5589	ZGNS201	NULL	100
5591	ZGNS202	NULL	100
5592	ZGNS200	NULL	100
5593	ZGNS203	NULL	100
5594	ZGNS204	NULL	100
5595	ZGNS205	NULL	100
5599	KST007	NULL	308
5600	KST008	NULL	308
5601	SPM898	NULL	100
5602	ZGNS199	NULL	100
5603	APZS685	NULL	100
5605	SPM899	NULL	100
5610	SPM908	NULL	100
5611	SPM867	NULL	140
5612	SCA026	NULL	140
5613	APZS626	NULL	140
5614	APZS625	NULL	140
5615	SCA025	NULL	140
5617	APZS682	NULL	140
5619	YSA148	NULL	100
5622	SPM923	NULL	100
5625	APZG0604	NULL	4447
5626	APZG0605	NULL	4447
5627	APZG0606	NULL	4447
5628	APZG0608	NULL	4447
5629	APZG0609	NULL	293
5630	APZG0610	NULL	293
5631	APZG0612	NULL	4447
5632	APZG0613	NULL	293
5633	APZG0615	NULL	4447
5634	APZG0617	NULL	293
5635	APZS587	NULL	100
5670	T6494	0	159
5671	T6594	0	159
5674	T6597	0	159
5677	T6600	0	159
5679	T6602	0	159
5694	T6617	0	159
5702	T6625	0	298
5704	T6627	0	159
5707	T6630	0	159
5717	T6640	0	159
5719	T6642	0	159
5729	T6652	0	159
5734	T6657	0	159
5742	T6665	0	159
5749	T6557	0	159
5751	T6550	0	159
5759	T6536	0	159
5764	T6490	0	159
5785	APZB454	NULL	178
5786	SPM849	NULL	289
5787	SPM850	NULL	289
5788	APZS674	NULL	289
5789	WA317	NULL	289
5790	SPM262	NULL	289
5791	WA 256	NULL	289
5792	SON 026	NULL	289
5793	SPM816	NULL	289
5794	APZA019 	NULL	289
5795	WA001	NULL	289
5796	YSA018	NULL	289
5797	APZS 599	NULL	289
5798	T6697	NULL	100
5799	T6699	NULL	100
5800	T6700	NULL	100
5801	T6701	NULL	100
5802	T6703	NULL	100
5803	T6704	NULL	100
5804	T6705	NULL	100
5805	ZGNS179	NULL	289
5806	ZGNS182	NULL	289
5807	YSA134	NULL	289
5808	YSA095	NULL	289
5809	WA267	NULL	289
5810	CEA177	NULL	289
5811	APZA 185 	NULL	289
5812	ZGNS 114	NULL	289
5813	YSA043	NULL	289
5814	WA255	NULL	289
5815	ZGNS135	NULL	289
5816	YSA153	NULL	100
5817	YSA154	NULL	100
5819	ZGNS184	NULL	289
5820	ZGNS180	NULL	289
5821	APZS693	NULL	100
5822	SAC115	NULL	100
5823	SAC116	NULL	100
5824	SAC118	NULL	100
5825	ZGNS183	NULL	289
5826	ZGNS185	NULL	289
5827	APZS677	NULL	289
5828	SPMT0889	NULL	272
5829	ZG0470	NULL	272
5830	ZG0471	NULL	272
5831	AQ0841	NULL	272
5832	SACT032	NULL	272
5833	ZG0523	NULL	272
5834	ZG0529	NULL	272
5835	ZG0531	NULL	272
5836	ZG0532	NULL	272
5837	ZG0550	NULL	272
5838	ZG0558	NULL	272
5839	NE013	NULL	272
5840	SPMT146	NULL	272
5841	SPMT148	NULL	272
5842	SPMT149	NULL	272
5843	SPMT151	NULL	272
5844	ZG0475	NULL	272
5846	ZG0463	NULL	272
5847	SPMT128	NULL	272
5848	NE015	NULL	272
5849	ZG0571	NULL	272
5850	NE018	NULL	272
5851	NE020	NULL	272
5852	NE028	NULL	272
5853	SPMT153	NULL	272
5854	SPMT156	NULL	272
5855	SPMT157	NULL	272
5857	ZG0457	NULL	272
5858	SPMT073	NULL	272
5859	ZG0465	NULL	272
5860	ZG0466	NULL	272
5862	ZG0497	NULL	272
5863	AQ0844	NULL	272
5864	AQ0845	NULL	272
5865	SACT033	NULL	272
5866	ZG0556	NULL	272
5867	WE0340	NULL	272
5868	NE005	NULL	272
5869	NE017	NULL	272
5870	NE019	NULL	272
5871	AQ0847	NULL	272
5872	SPMT102	NULL	272
5873	ZG0490	NULL	272
5874	SPMT121	NULL	272
5875	SPMT123	NULL	272
5876	ZG0504	NULL	272
5877	ZG0505	NULL	272
5878	SPMT126	NULL	272
5879	NE002	NULL	272
5880	SPMT137	NULL	272
5881	SPMT138	NULL	272
5882	SACT035	NULL	272
5883	NE006	NULL	272
5884	NE007	NULL	272
5885	ZG0580	NULL	272
5886	NE022	NULL	272
5887	NE031	NULL	272
5888	NE032	NULL	272
5889	NE036	NULL	272
5890	NE038	NULL	272
5891	NE039	NULL	272
5892	SPMT147	NULL	272
5893	ZG0587	NULL	272
5894	ZG0588	NULL	272
5895	ZG0589	NULL	272
5896	NE038	NULL	272
5897	NE039	NULL	272
5898	NE040	NULL	272
5899	ZG0590	NULL	272
5900	ZG0591	NULL	272
5901	NE043	NULL	272
5902	NE044	NULL	272
5903	SPMT079	NULL	272
5904	ZG0489	NULL	272
5905	ZG0492	NULL	272
5906	ZG0511	NULL	272
5907	ZG0513	NULL	272
5908	ZG0519	NULL	272
5909	NE008	NULL	272
5910	NE014	NULL	272
5911	ZG0574	NULL	272
5912	NE027	NULL	272
5913	ZG0589	NULL	272
5914	ZG0591	NULL	272
5915	ZG0592	NULL	272
5916	KST021	NULL	159
5918	APZS705	NULL	100
5919	APZS711	NULL	100
5920	APZS712	NULL	100
5921	APZS713	NULL	100
5922	APZS714	NULL	100
5923	SAC120	NULL	100
5924	SAC121	NULL	100
5925	KA309	NULL	154
5926	T6786	NULL	100
5927	T6788	NULL	100
