t	c	id	v
participateojt	userid	299036	4833
participateojt	userid	299057	4833
participateojt	userid	299078	4833
participateojt	userid	310717	3088
participateojt	userid	324579	3088
participateojt	userid	325302	3088
participateojt	userid	325303	3088
participateojt	userid	325592	3088
participateojt	userid	325605	3088
participateojt	userid	337018	3088
participateojt	userid	337089	3088
participateojt	userid	337198	3088
participateojt	userid	337257	3088
participateojt	userid	350630	3088
participateojt	userid	350650	3088
participateojt	userid	350690	3088
participateojt	userid	350944	3088
participateojt	userid	351351	3088
participateojt	userid	352130	3088
participateojt_archive	userid	46503	3088
participateojt_archive	userid	47014	3088
participateojt_archive	userid	47015	3088
participateojt_archive	userid	48380	3088
participateojt_archive	userid	48389	3088
participateojt_archive	userid	49641	3088
participateojt_archive	userid	59175	3088
participateojt_archive	userid	59184	3088
participateojt_archive	userid	59548	3088
participateojt_archive	userid	59563	3088
participateojt_archive	userid	59578	3088
participateojt_archive	userid	59651	3088
participateojt_archive	userid	59936	3088
participateojt_archive	userid	61369	3088
participateojt_archive	userid	66942	3088
participateojt_archive	userid	67096	3088
participateojt_archive	userid	68902	3088
participateojt_archive	userid	68945	3088
participateojt_archive	userid	74548	3088
participateojt_archive	userid	74581	3088
participateojt_archive	userid	74599	3088
participateojt_archive	userid	74614	3088
participateojt_archive	userid	76408	3088
participateojt_archive	userid	77774	3088
participateojt_archive	userid	102404	3088
participateojt_archive	userid	102630	3088
participateojt_archive	userid	105869	3481
participateojt_archive	userid	105875	3481
participateojt_archive	userid	105881	3481
participateojt_archive	userid	107108	3088
participateojt_archive	userid	109402	3481
participateojt_archive	userid	109513	3481
participateojt_archive	userid	112148	3088
participateojt_archive	userid	114858	3088
participateojt_archive	userid	114859	3088
participateojt_archive	userid	117080	3088
participateojt_archive	userid	119835	3481
participateojt_archive	userid	120184	3088
participateojt_archive	userid	120185	3088
participateojt_archive	userid	120202	3088
participateojt_archive	userid	120203	3088
participateojt_archive	userid	124362	3088
participateojt_archive	userid	124363	3088
participateojt_archive	userid	124364	3088
participateojt_archive	userid	124365	3088
participateojt_archive	userid	124381	3088
participateojt_archive	userid	124382	3088
participateojt_archive	userid	125123	3088
participateojt_archive	userid	128963	3088
participateojt_archive	userid	135112	3088
participateojt_archive	userid	136617	3088
participateojt_archive	userid	136636	3088
participateojt_archive	userid	138307	3088
participateojt_archive	userid	138363	3088
participateojt_archive	userid	158486	3088
participateojt_archive	userid	158597	3088
participateojt_archive	userid	158641	3088
participateojt_archive	userid	159238	3088
participateojt_archive	userid	159305	3088
participateojt_archive	userid	166453	3088
participateojt_archive	userid	166529	3088
participateojt_archive	userid	168512	3088
participateojt_archive	userid	180364	3088
participateojt_archive	userid	181537	3088
participateojt_archive	userid	193936	3088
participateojt_archive	userid	203525	3088
participateojt_archive	userid	203730	3088
participateojt_archive	userid	204431	3088
participateojt_archive	userid	220594	3088
participateojt_archive	userid	225113	3088
participateojt_archive	userid	235060	3088
participateojt_archive	userid	235334	3088
participateojt_archive	userid	235625	3088
participateojt_archive	userid	235663	3088
participateojt_archive	userid	246596	3088
participateojt_archive	userid	246674	3088
participateojt_archive	userid	246708	3088
participateojt_archive	userid	263559	3088
participateojt_archive	userid	270113	3088
participateojt_archive	userid	270128	3088
participateojt_archive	userid	270143	3088
participateojt_archive	userid	270162	3088
participateojt_archive	userid	270181	3088
participateojt_archive	userid	270413	3088
participateojt_archive	userid	278330	3088
participateojt_archive	userid	278372	3088
participateojt_archive	userid	285985	3088
participateojt_archive	userid	286260	3088
participateojt_archive	userid	286273	3088
participateojt_archive	userid	293399	4833
participateojt_archive	userid	293420	4833
participateojt_archive	userid	293441	4833
participateojt_archive	userid	293462	4833
participateojt_archive	userid	293483	4833
participateojt_archive	userid	295471	3088
skill_matrix_evaluations	staffid	352	3088
skill_matrix_evaluations	staffid	287	5461
